sol_key,nsn,solicitation,issued,return_by,doc_posted_updated,fob,inspection,tech_data,purchase_requests,pdf_url,package_url,official_link,search_term,page,retrieved_utc,nsn_raw,nomenclature,amsc,naics,quantity_listed,approved_source,parse_issue,issued_dt,return_by_dt,found_by_terms,line_key,category,category_name,primary_keyword,keyword_tags,broad_only,group,review_flag,amsc_source,deadline_position
SPE7M225T3179,6110-01-411-6657,SPE7M225T3179,03-14-2025,03-24-2025,2026-08-21 02:41:27,Origin,Destination,None,7011409055,https://dibbs2.bsm.dla.mil/Downloads/RFQ/9/SPE7M225T3179.PDF,https://www.dibbs.bsm.dla.mil/RFQ/RFQRec.aspx?sn=SPE7M225T3179,https://www.dibbs.bsm.dla.mil/rfq/rfqrec.aspx?sn=SPE7M225T3179,PANEL,4,20260930T154409Z,6110-01-411-6657,"PANEL,POWER DISTRIB",G,334519,2.0,,,2025-03-14,2025-03-24,PANEL,DIBBS|SPE7M225T3179|6110-01-411-6657,C01,Integrated Control / Indicator / HMI Panels,PANEL,PANEL,True,core,"broad keyword, but it is the item noun","DIBBS RFQ Text Search result, AMSC field, retrieved 20260930T154409Z",past deadline
SPE4A625T69B0,5895-01-619-0135,SPE4A625T69B0,05-14-2025,05-27-2025,2026-08-21 02:41:27,Origin,Origin,Tech,7012249837,https://dibbs2.bsm.dla.mil/Downloads/RFQ/0/SPE4A625T69B0.PDF,https://www.dibbs.bsm.dla.mil/RFQ/RFQRec.aspx?sn=SPE4A625T69B0,https://www.dibbs.bsm.dla.mil/rfq/rfqrec.aspx?sn=SPE4A625T69B0,PANEL,5,20260930T154426Z,5895-01-619-0135,"PANEL,CONTROL,ELECT",G,334511,2.0,,,2025-05-14,2025-05-27,PANEL,DIBBS|SPE4A625T69B0|5895-01-619-0135,C01,Integrated Control / Indicator / HMI Panels,PANEL CONTROL,PANEL; PANEL CONTROL,False,core,,"DIBBS RFQ Text Search result, AMSC field, retrieved 20260930T154426Z",past deadline
SPE7M125T233E,6110-01-083-4249,SPE7M125T233E,08-04-2025,08-14-2025,2026-08-21 02:41:27,Origin,Destination,Tech,7006547278,https://dibbs2.bsm.dla.mil/Downloads/RFQ/E/SPE7M125T233E.PDF,https://www.dibbs.bsm.dla.mil/RFQ/RFQRec.aspx?sn=SPE7M125T233E,https://www.dibbs.bsm.dla.mil/rfq/rfqrec.aspx?sn=SPE7M125T233E,PANEL,5,20260930T154426Z,6110-01-083-4249,"PANEL,INSTRUMENT-CONTR",G,334519,1.0,,,2025-08-04,2025-08-14,PANEL,DIBBS|SPE7M125T233E|6110-01-083-4249,C01,Integrated Control / Indicator / HMI Panels,PANEL,PANEL,True,core,"broad keyword, but it is the item noun","DIBBS RFQ Text Search result, AMSC field, retrieved 20260930T154426Z",past deadline
SPE4A026T0679,5895-01-245-1219,SPE4A026T0679,11-26-2025,12-08-2025,2026-08-21 02:41:27,Destination,Destination,Tech,7014363977; 7014612862,https://dibbs2.bsm.dla.mil/Downloads/RFQ/9/SPE4A026T0679.PDF,https://www.dibbs.bsm.dla.mil/RFQ/RFQRec.aspx?sn=SPE4A026T0679,https://www.dibbs.bsm.dla.mil/rfq/rfqrec.aspx?sn=SPE4A026T0679,PANEL,6,20260930T154443Z,5895-01-245-1219,"PANEL,ALARM RELAY",G,334511,2.0,,,2025-11-26,2025-12-08,PANEL,DIBBS|SPE4A026T0679|5895-01-245-1219,C01,Integrated Control / Indicator / HMI Panels,PANEL,PANEL,True,core,"broad keyword, but it is the item noun","DIBBS RFQ Text Search result, AMSC field, retrieved 20260930T154443Z",past deadline
SPE7M124T034M,6110-01-175-3157,SPE7M124T034M,06-14-2024,06-24-2024,2026-08-21 02:41:27,Origin,Origin,Tech,7008012180,https://dibbs2.bsm.dla.mil/Downloads/RFQ/M/SPE7M124T034M.PDF,https://www.dibbs.bsm.dla.mil/RFQ/RFQRec.aspx?sn=SPE7M124T034M,https://www.dibbs.bsm.dla.mil/rfq/rfqrec.aspx?sn=SPE7M124T034M,PANEL,6,20260930T154443Z,6110-01-175-3157,"PANEL,POWER DISTRIB",G,335311,5.0,,,2024-06-14,2024-06-24,PANEL,DIBBS|SPE7M124T034M|6110-01-175-3157,C01,Integrated Control / Indicator / HMI Panels,PANEL,PANEL,True,core,"broad keyword, but it is the item noun","DIBBS RFQ Text Search result, AMSC field, retrieved 20260930T154443Z",past deadline
SPE7M426T0230,2090-01-279-9776,SPE7M426T0230,10-08-2025,10-23-2025,2026-08-21 02:41:27,Origin,Destination,Tech,7007576956,https://dibbs2.bsm.dla.mil/Downloads/RFQ/0/SPE7M426T0230.PDF,https://www.dibbs.bsm.dla.mil/RFQ/RFQRec.aspx?sn=SPE7M426T0230,https://www.dibbs.bsm.dla.mil/rfq/rfqrec.aspx?sn=SPE7M426T0230,PANEL,7,20260930T154458Z,2090-01-279-9776,"PANEL,END,BED",G,336611,2.0,,,2025-10-08,2025-10-23,PANEL,DIBBS|SPE7M426T0230|2090-01-279-9776,C01,Integrated Control / Indicator / HMI Panels,PANEL,PANEL,True,core,"broad keyword, but it is the item noun","DIBBS RFQ Text Search result, AMSC field, retrieved 20260930T154458Z",past deadline
SPE7M125T049Y,6110-00-014-2084,SPE7M125T049Y,05-09-2025,05-19-2025,2026-08-21 02:41:27,Origin,Origin,None,7012190370,https://dibbs2.bsm.dla.mil/Downloads/RFQ/Y/SPE7M125T049Y.PDF,https://www.dibbs.bsm.dla.mil/RFQ/RFQRec.aspx?sn=SPE7M125T049Y,https://www.dibbs.bsm.dla.mil/rfq/rfqrec.aspx?sn=SPE7M125T049Y,PANEL,7,20260930T154458Z,6110-00-014-2084,"PANEL,CONTROL,ELECT",G,334519,10.0,,,2025-05-09,2025-05-19,PANEL,DIBBS|SPE7M125T049Y|6110-00-014-2084,C01,Integrated Control / Indicator / HMI Panels,PANEL CONTROL,PANEL; PANEL CONTROL,False,core,,"DIBBS RFQ Text Search result, AMSC field, retrieved 20260930T154458Z",past deadline
SPE4A626T9626,6220-01-042-3236,SPE4A626T9626,11-14-2025,11-21-2025,2026-08-21 02:41:27,Origin,Origin,Tech,7014490215,https://dibbs2.bsm.dla.mil/Downloads/RFQ/6/SPE4A626T9626.PDF,https://www.dibbs.bsm.dla.mil/RFQ/RFQRec.aspx?sn=SPE4A626T9626,https://www.dibbs.bsm.dla.mil/rfq/rfqrec.aspx?sn=SPE4A626T9626,PANEL,7,20260930T154458Z,6220-01-042-3236,"PANEL,INDICATING,LIGHT",G,336320,3.0,,,2025-11-14,2025-11-21,PANEL,DIBBS|SPE4A626T9626|6220-01-042-3236,C01,Integrated Control / Indicator / HMI Panels,PANEL,PANEL,True,core,"broad keyword, but it is the item noun","DIBBS RFQ Text Search result, AMSC field, retrieved 20260930T154458Z",past deadline
SPE4A725T7667,1680-01-130-2912,SPE4A725T7667,01-16-2025,01-23-2025,2026-08-21 02:41:27,Origin,Origin,Tech,7010615056,https://dibbs2.bsm.dla.mil/Downloads/RFQ/7/SPE4A725T7667.PDF,https://www.dibbs.bsm.dla.mil/RFQ/RFQRec.aspx?sn=SPE4A725T7667,https://www.dibbs.bsm.dla.mil/rfq/rfqrec.aspx?sn=SPE4A725T7667,PANEL,9,20260930T154532Z,1680-01-130-2912,"PANEL,RELAY-CONTROL",G,336413,1.0,,,2025-01-16,2025-01-23,PANEL,DIBBS|SPE4A725T7667|1680-01-130-2912,C01,Integrated Control / Indicator / HMI Panels,PANEL,PANEL,True,core,"broad keyword, but it is the item noun","DIBBS RFQ Text Search result, AMSC field, retrieved 20260930T154532Z",past deadline
SPE4A726T6146,5895-01-697-2328,SPE4A726T6146,12-17-2025,01-02-2026,2026-08-21 02:41:27,Origin,Destination,Tech,7014869954,https://dibbs2.bsm.dla.mil/Downloads/RFQ/6/SPE4A726T6146.PDF,https://www.dibbs.bsm.dla.mil/RFQ/RFQRec.aspx?sn=SPE4A726T6146,https://www.dibbs.bsm.dla.mil/rfq/rfqrec.aspx?sn=SPE4A726T6146,PANEL,9,20260930T154532Z,5895-01-697-2328,"PANEL,INDICATOR",G,334290,2.0,,,2025-12-17,2026-01-02,INDICATOR; PANEL,DIBBS|SPE4A726T6146|5895-01-697-2328,C01,Integrated Control / Indicator / HMI Panels,PANEL,PANEL,True,core,"broad keyword, but it is the item noun","DIBBS RFQ Text Search result, AMSC field, retrieved 20260930T154532Z",past deadline
SPE4A625T756K,5975-01-319-3039,SPE4A625T756K,02-14-2025,02-21-2025,2026-08-21 02:41:27,Origin,Origin,Tech,7010716506,https://dibbs2.bsm.dla.mil/Downloads/RFQ/K/SPE4A625T756K.PDF,https://www.dibbs.bsm.dla.mil/RFQ/RFQRec.aspx?sn=SPE4A625T756K,https://www.dibbs.bsm.dla.mil/rfq/rfqrec.aspx?sn=SPE4A625T756K,PANEL,9,20260930T154532Z,5975-01-319-3039,"PANEL,BLANK",G,332510,4.0,,,2025-02-14,2025-02-21,PANEL,DIBBS|SPE4A625T756K|5975-01-319-3039,C01,Integrated Control / Indicator / HMI Panels,PANEL,PANEL,True,core,"broad keyword, but it is the item noun","DIBBS RFQ Text Search result, AMSC field, retrieved 20260930T154532Z",past deadline
SPE7M126T0228,5355-00-438-9456,SPE7M126T0228,10-09-2025,10-20-2025,2026-08-21 02:41:27,Origin,Destination,Tech,7013655069,https://dibbs2.bsm.dla.mil/Downloads/RFQ/8/SPE7M126T0228.PDF,https://www.dibbs.bsm.dla.mil/RFQ/RFQRec.aspx?sn=SPE7M126T0228,https://www.dibbs.bsm.dla.mil/rfq/rfqrec.aspx?sn=SPE7M126T0228,DIAL,3,20260930T155430Z,5355-00-438-9456,"DIAL,SCALE",G,327999,16.0,,,2025-10-09,2025-10-20,DIAL,DIBBS|SPE7M126T0228|5355-00-438-9456,C03,Bezels / Faceplates / Escutcheons / Overlays,DIAL SCALE,DIAL SCALE,False,core,,"DIBBS RFQ Text Search result, AMSC field, retrieved 20260930T155430Z",past deadline
SPE7L126T7357,5355-00-504-9920,SPE7L126T7357,12-17-2025,01-02-2026,2026-08-21 02:41:27,Origin,Origin,Tech,7014839479,https://dibbs2.bsm.dla.mil/Downloads/RFQ/7/SPE7L126T7357.PDF,https://www.dibbs.bsm.dla.mil/RFQ/RFQRec.aspx?sn=SPE7L126T7357,https://www.dibbs.bsm.dla.mil/rfq/rfqrec.aspx?sn=SPE7L126T7357,DIAL,3,20260930T155430Z,5355-00-504-9920,"DIAL,SCALE",G,332510,6.0,,,2025-12-17,2026-01-02,DIAL,DIBBS|SPE7L126T7357|5355-00-504-9920,C03,Bezels / Faceplates / Escutcheons / Overlays,DIAL SCALE,DIAL SCALE,False,core,,"DIBBS RFQ Text Search result, AMSC field, retrieved 20260930T155430Z",past deadline
SPE4A626T9980,6220-00-501-2752,SPE4A626T9980,11-14-2025,11-26-2025,2026-08-21 02:41:27,Origin,Origin,Tech,7014493691,https://dibbs2.bsm.dla.mil/Downloads/RFQ/0/SPE4A626T9980.PDF,https://www.dibbs.bsm.dla.mil/RFQ/RFQRec.aspx?sn=SPE4A626T9980,https://www.dibbs.bsm.dla.mil/rfq/rfqrec.aspx?sn=SPE4A626T9980,LENS,3,20260930T155528Z,6220-00-501-2752,"LENS,LIGHT",G,336320,7.0,,,2025-11-14,2025-11-26,LENS,DIBBS|SPE4A626T9980|6220-00-501-2752,C04,Lenses / Windows / Covers / Housings,LENS LIGHT,LENS; LENS LIGHT,False,core,,"DIBBS RFQ Text Search result, AMSC field, retrieved 20260930T155528Z",past deadline
SPE4A626T250H,6220-01-511-8776,SPE4A626T250H,12-09-2025,12-16-2025,2026-08-21 02:41:27,Origin,Origin,Tech,7014763403,https://dibbs2.bsm.dla.mil/Downloads/RFQ/H/SPE4A626T250H.PDF,https://www.dibbs.bsm.dla.mil/RFQ/RFQRec.aspx?sn=SPE4A626T250H,https://www.dibbs.bsm.dla.mil/rfq/rfqrec.aspx?sn=SPE4A626T250H,LENS,3,20260930T155528Z,6220-01-511-8776,"LENS,LIGHT",G,336320,3.0,,,2025-12-09,2025-12-16,LENS,DIBBS|SPE4A626T250H|6220-01-511-8776,C04,Lenses / Windows / Covers / Housings,LENS LIGHT,LENS; LENS LIGHT,False,core,,"DIBBS RFQ Text Search result, AMSC field, retrieved 20260930T155528Z",past deadline
SPE7M225U0280,6220-01-710-6478,SPE7M225U0280,03-07-2025,03-26-2025,2026-08-21 02:41:27,Origin,Destination,Tech,1000200223,https://dibbs2.bsm.dla.mil/Downloads/RFQ/0/SPE7M225U0280.PDF,https://www.dibbs.bsm.dla.mil/RFQ/RFQRec.aspx?sn=SPE7M225U0280,https://www.dibbs.bsm.dla.mil/rfq/rfqrec.aspx?sn=SPE7M225U0280,INDICATOR,7,20260930T160121Z,6220-01-710-6478,"LIGHT,INDICATOR",G,335999,43.0,,,2025-03-07,2025-03-26,INDICATOR,DIBBS|SPE7M225U0280|6220-01-710-6478,C05,Indicator / Annunciator / Panel Lighting,LIGHT INDICATOR,LIGHT INDICATOR,False,core,,"DIBBS RFQ Text Search result, AMSC field, retrieved 20260930T160121Z",past deadline
SPE4A626T0590,6340-01-730-8339,SPE4A626T0590,10-06-2025,10-17-2025,2026-08-21 02:41:27,Origin,Origin,Tech,7013064213,https://dibbs2.bsm.dla.mil/Downloads/RFQ/0/SPE4A626T0590.PDF,https://www.dibbs.bsm.dla.mil/RFQ/RFQRec.aspx?sn=SPE4A626T0590,https://www.dibbs.bsm.dla.mil/rfq/rfqrec.aspx?sn=SPE4A626T0590,INDICATOR,8,20260930T160137Z,6340-01-730-8339,"LIGHT,INDICATOR",G,336413,12.0,,,2025-10-06,2025-10-17,INDICATOR,DIBBS|SPE4A626T0590|6340-01-730-8339,C05,Indicator / Annunciator / Panel Lighting,LIGHT INDICATOR,LIGHT INDICATOR,False,core,,"DIBBS RFQ Text Search result, AMSC field, retrieved 20260930T160137Z",past deadline
SPE7M225U0273,6220-01-710-6506,SPE7M225U0273,03-07-2025,03-26-2025,2026-08-21 02:41:27,Origin,Destination,Tech,1000200224,https://dibbs2.bsm.dla.mil/Downloads/RFQ/3/SPE7M225U0273.PDF,https://www.dibbs.bsm.dla.mil/RFQ/RFQRec.aspx?sn=SPE7M225U0273,https://www.dibbs.bsm.dla.mil/rfq/rfqrec.aspx?sn=SPE7M225U0273,INDICATOR,8,20260930T160137Z,6220-01-710-6506,"LIGHT,INDICATOR",G,335999,29.0,,,2025-03-07,2025-03-26,INDICATOR,DIBBS|SPE7M225U0273|6220-01-710-6506,C05,Indicator / Annunciator / Panel Lighting,LIGHT INDICATOR,LIGHT INDICATOR,False,core,,"DIBBS RFQ Text Search result, AMSC field, retrieved 20260930T160137Z",past deadline
SPE4A626T6330,6210-00-583-3868,SPE4A626T6330,10-27-2025,11-03-2025,2026-08-21 02:41:27,Origin,Origin,Tech,7014173843,https://dibbs2.bsm.dla.mil/Downloads/RFQ/0/SPE4A626T6330.PDF,https://www.dibbs.bsm.dla.mil/RFQ/RFQRec.aspx?sn=SPE4A626T6330,https://www.dibbs.bsm.dla.mil/rfq/rfqrec.aspx?sn=SPE4A626T6330,INDICATOR,9,20260930T160154Z,6210-00-583-3868,"LIGHT,INDICATOR",G,334413,13.0,,,2025-10-27,2025-11-03,INDICATOR,DIBBS|SPE4A626T6330|6210-00-583-3868,C05,Indicator / Annunciator / Panel Lighting,LIGHT INDICATOR,LIGHT INDICATOR,False,core,,"DIBBS RFQ Text Search result, AMSC field, retrieved 20260930T160154Z",past deadline
SPE8E726T0752,6220-01-494-5877,SPE8E726T0752,11-19-2025,12-01-2025,2026-08-21 02:41:27,Origin,Origin,Tech,7014494766,https://dibbs2.bsm.dla.mil/Downloads/RFQ/2/SPE8E726T0752.PDF,https://www.dibbs.bsm.dla.mil/RFQ/RFQRec.aspx?sn=SPE8E726T0752,https://www.dibbs.bsm.dla.mil/rfq/rfqrec.aspx?sn=SPE8E726T0752,INDICATOR,11,20260930T160228Z,6220-01-494-5877,"LIGHT,INDICATOR",G,336320,23.0,,,2025-11-19,2025-12-01,INDICATOR,DIBBS|SPE8E726T0752|6220-01-494-5877,C05,Indicator / Annunciator / Panel Lighting,LIGHT INDICATOR,LIGHT INDICATOR,False,core,,"DIBBS RFQ Text Search result, AMSC field, retrieved 20260930T160228Z",past deadline
SPE7M026T2770,5930-01-663-2313,SPE7M026T2770,12-15-2025,08-31-2026,2026-08-26 07:21:39,Origin,Destination,None,7014818949,https://dibbs2.bsm.dla.mil/Downloads/RFQ/0/SPE7M026T2770.PDF,https://www.dibbs.bsm.dla.mil/RFQ/RFQRec.aspx?sn=SPE7M026T2770,https://www.dibbs.bsm.dla.mil/rfq/rfqrec.aspx?sn=SPE7M026T2770,SWITCH,7,20260930T160835Z,5930-01-663-2313,"SWITCH,REED",G,335313,2.0,,,2025-12-15,2026-08-31,SWITCH,DIBBS|SPE7M026T2770|5930-01-663-2313,C07,Switches / Pushbuttons / Keyboards / Controls,SWITCH,SWITCH,True,core,"broad keyword, but it is the item noun","DIBBS RFQ Text Search result, AMSC field, retrieved 20260930T160835Z",past deadline
SPE7M825T6030,5930-01-168-3310,SPE7M825T6030,08-07-2025,08-18-2025,2026-08-21 02:41:27,Origin,Origin,Tech,7013010169,https://dibbs2.bsm.dla.mil/Downloads/RFQ/0/SPE7M825T6030.PDF,https://www.dibbs.bsm.dla.mil/RFQ/RFQRec.aspx?sn=SPE7M825T6030,https://www.dibbs.bsm.dla.mil/rfq/rfqrec.aspx?sn=SPE7M825T6030,SWITCH,9,20260930T160910Z,5930-01-168-3310,"SWITCH,SENSITIVE",G,334419,28.0,,,2025-08-07,2025-08-18,SWITCH,DIBBS|SPE7M825T6030|5930-01-168-3310,C07,Switches / Pushbuttons / Keyboards / Controls,SWITCH,SWITCH,True,core,"broad keyword, but it is the item noun","DIBBS RFQ Text Search result, AMSC field, retrieved 20260930T160910Z",past deadline
SPE7M526T2056,5985-01-723-2397,SPE7M526T2056,11-06-2025,11-17-2025,2026-08-21 02:41:27,Origin,Origin,Tech,7013653354,https://dibbs2.bsm.dla.mil/Downloads/RFQ/6/SPE7M526T2056.PDF,https://www.dibbs.bsm.dla.mil/RFQ/RFQRec.aspx?sn=SPE7M526T2056,https://www.dibbs.bsm.dla.mil/rfq/rfqrec.aspx?sn=SPE7M526T2056,SWITCH,10,20260930T160928Z,5985-01-723-2397,"SWITCH,RADIO FREQUE",G,334220,7.0,,,2025-11-06,2025-11-17,SWITCH,DIBBS|SPE7M526T2056|5985-01-723-2397,C07,Switches / Pushbuttons / Keyboards / Controls,SWITCH,SWITCH,True,core,"broad keyword, but it is the item noun","DIBBS RFQ Text Search result, AMSC field, retrieved 20260930T160928Z",past deadline
SPE7M525Q0948,5985-01-179-1576,SPE7M525Q0948,09-16-2025,10-08-2025,2026-08-21 02:41:27,Origin,Origin,Tech,7010232687,https://dibbs2.bsm.dla.mil/Downloads/RFQ/8/SPE7M525Q0948.PDF,https://www.dibbs.bsm.dla.mil/RFQ/RFQRec.aspx?sn=SPE7M525Q0948,https://www.dibbs.bsm.dla.mil/rfq/rfqrec.aspx?sn=SPE7M525Q0948,SWITCH,11,20260930T160945Z,5985-01-179-1576,"SWITCH,RADIO FREQUE",G,334220,8.0,,,2025-09-16,2025-10-08,SWITCH,DIBBS|SPE7M525Q0948|5985-01-179-1576,C07,Switches / Pushbuttons / Keyboards / Controls,SWITCH,SWITCH,True,core,"broad keyword, but it is the item noun","DIBBS RFQ Text Search result, AMSC field, retrieved 20260930T160945Z",past deadline
SPE7M825Q0257,5930-01-189-0494,SPE7M825Q0257,05-20-2025,05-31-2025,2026-08-21 02:41:27,Origin,Origin,Tech,7011117438,https://dibbs2.bsm.dla.mil/Downloads/RFQ/7/SPE7M825Q0257.PDF,https://www.dibbs.bsm.dla.mil/RFQ/RFQRec.aspx?sn=SPE7M825Q0257,https://www.dibbs.bsm.dla.mil/rfq/rfqrec.aspx?sn=SPE7M825Q0257,SWITCH,12,20260930T161003Z,5930-01-189-0494,"SWITCH,PRESSURE",G,334419,442.0,,,2025-05-20,2025-05-31,BOX; FUEL; SWITCH,DIBBS|SPE7M825Q0257|5930-01-189-0494,C07,Switches / Pushbuttons / Keyboards / Controls,SWITCH,SWITCH,True,core,"broad keyword, but it is the item noun","DIBBS RFQ Text Search result, AMSC field, retrieved 20260930T161003Z",past deadline
SPE7M826T1374,5930-01-209-2471,SPE7M826T1374,12-23-2025,01-02-2026,2026-08-21 02:41:27,Origin,Destination,Tech,7014266054,https://dibbs2.bsm.dla.mil/Downloads/RFQ/4/SPE7M826T1374.PDF,https://www.dibbs.bsm.dla.mil/RFQ/RFQRec.aspx?sn=SPE7M826T1374,https://www.dibbs.bsm.dla.mil/rfq/rfqrec.aspx?sn=SPE7M826T1374,SWITCH,14,20260930T161037Z,5930-01-209-2471,"SWITCH,CODE INDICAT",G,334419,9.0,,,2025-12-23,2026-01-02,SWITCH,DIBBS|SPE7M826T1374|5930-01-209-2471,C07,Switches / Pushbuttons / Keyboards / Controls,SWITCH,SWITCH,True,core,"broad keyword, but it is the item noun","DIBBS RFQ Text Search result, AMSC field, retrieved 20260930T161037Z",past deadline
SPE7M526T1661,5999-01-667-2766,SPE7M526T1661,10-24-2025,11-03-2025,2026-08-21 02:41:27,Origin,Destination,Tech,7014132128,https://dibbs2.bsm.dla.mil/Downloads/RFQ/1/SPE7M526T1661.PDF,https://www.dibbs.bsm.dla.mil/RFQ/RFQRec.aspx?sn=SPE7M526T1661,https://www.dibbs.bsm.dla.mil/rfq/rfqrec.aspx?sn=SPE7M526T1661,KEYBOARD,1,20260930T161138Z,5999-01-667-2766,"KEYBOARD,DATA ENTRY",G,334419,4.0,,,2025-10-24,2025-11-03,KEYBOARD,DIBBS|SPE7M526T1661|5999-01-667-2766,C07,Switches / Pushbuttons / Keyboards / Controls,KEYBOARD,KEYBOARD,False,core,,"DIBBS RFQ Text Search result, AMSC field, retrieved 20260930T161138Z",past deadline
SPE7M425T419Q,2010-01-107-1290,SPE7M425T419Q,09-18-2025,01-06-2026,2026-08-21 02:41:27,Origin,Origin,Tech,7011413315,https://dibbs2.bsm.dla.mil/Downloads/RFQ/Q/SPE7M425T419Q.PDF,https://www.dibbs.bsm.dla.mil/RFQ/RFQRec.aspx?sn=SPE7M425T419Q,https://www.dibbs.bsm.dla.mil/rfq/rfqrec.aspx?sn=SPE7M425T419Q,ACTUATOR,3,20260930T161230Z,2010-01-107-1290,"ACTUATOR,DEFLECTOR,",G,336415,11.0,,,2025-09-18,2026-01-06,ACTUATOR,DIBBS|SPE7M425T419Q|2010-01-107-1290,C07,Switches / Pushbuttons / Keyboards / Controls,ACTUATOR,ACTUATOR,True,core,"broad keyword, but it is the item noun","DIBBS RFQ Text Search result, AMSC field, retrieved 20260930T161230Z",past deadline
SPE7L125T960C,3040-01-496-3446,SPE7L125T960C,08-29-2025,09-16-2025,2026-08-21 02:41:27,Origin,Origin,Tech,7013513741,https://dibbs2.bsm.dla.mil/Downloads/RFQ/C/SPE7L125T960C.PDF,https://www.dibbs.bsm.dla.mil/RFQ/RFQRec.aspx?sn=SPE7L125T960C,https://www.dibbs.bsm.dla.mil/rfq/rfqrec.aspx?sn=SPE7L125T960C,ACTUATOR,4,20260930T161247Z,3040-01-496-3446,"ACTUATOR,MECHANICAL",G,333613,1.0,,,2025-08-29,2025-09-16,ACTUATOR,DIBBS|SPE7L125T960C|3040-01-496-3446,C07,Switches / Pushbuttons / Keyboards / Controls,ACTUATOR,ACTUATOR,True,core,"broad keyword, but it is the item noun","DIBBS RFQ Text Search result, AMSC field, retrieved 20260930T161247Z",past deadline
SPE7L126T0946,5340-01-567-7298,SPE7L126T0946,10-10-2025,10-20-2025,2026-08-21 02:41:27,Origin,Origin,Tech,7013312962,https://dibbs2.bsm.dla.mil/Downloads/RFQ/6/SPE7L126T0946.PDF,https://www.dibbs.bsm.dla.mil/RFQ/RFQRec.aspx?sn=SPE7L126T0946,https://www.dibbs.bsm.dla.mil/rfq/rfqrec.aspx?sn=SPE7L126T0946,PLATE,7,20260930T161509Z,5340-01-567-7298,"PLATE,MOUNTING",G,332510,2.0,,,2025-10-10,2025-10-20,PLATE,DIBBS|SPE7L126T0946|5340-01-567-7298,C08,Plates / Markings / Mounting / Misc,PLATE,PLATE,True,core-adjacent,"broad keyword, but it is the item noun","DIBBS RFQ Text Search result, AMSC field, retrieved 20260930T161509Z",past deadline
SPE7L125T600S,5340-01-604-9599,SPE7L125T600S,06-06-2025,06-16-2025,2026-08-21 02:41:27,Origin,Origin,Tech,7012540060,https://dibbs2.bsm.dla.mil/Downloads/RFQ/S/SPE7L125T600S.PDF,https://www.dibbs.bsm.dla.mil/RFQ/RFQRec.aspx?sn=SPE7L125T600S,https://www.dibbs.bsm.dla.mil/rfq/rfqrec.aspx?sn=SPE7L125T600S,PLATE,8,20260930T161527Z,5340-01-604-9599,"PLATE,MOUNTING",G,332510,47.0,,,2025-06-06,2025-06-16,PLATE,DIBBS|SPE7L125T600S|5340-01-604-9599,C08,Plates / Markings / Mounting / Misc,PLATE,PLATE,True,core-adjacent,"broad keyword, but it is the item noun","DIBBS RFQ Text Search result, AMSC field, retrieved 20260930T161527Z",past deadline
SPE4A725T769Z,5975-01-720-0900,SPE4A725T769Z,08-20-2025,09-02-2025,2026-08-21 02:41:27,Origin,Origin,Tech,7013430778,https://dibbs2.bsm.dla.mil/Downloads/RFQ/Z/SPE4A725T769Z.PDF,https://www.dibbs.bsm.dla.mil/RFQ/RFQRec.aspx?sn=SPE4A725T769Z,https://www.dibbs.bsm.dla.mil/rfq/rfqrec.aspx?sn=SPE4A725T769Z,PLATE,10,20260930T161603Z,5975-01-720-0900,"PLATE,WALL,ELECTRIC",G,327110,3.0,,,2025-08-20,2025-09-02,PLATE,DIBBS|SPE4A725T769Z|5975-01-720-0900,C08,Plates / Markings / Mounting / Misc,PLATE,PLATE,True,core-adjacent,"broad keyword, but it is the item noun","DIBBS RFQ Text Search result, AMSC field, retrieved 20260930T161603Z",past deadline
SPE4A525T732R,5999-01-574-0248,SPE4A525T732R,09-09-2025,09-19-2025,2026-08-21 02:41:27,Origin,Origin,Tech,7013063523,https://dibbs2.bsm.dla.mil/Downloads/RFQ/R/SPE4A525T732R.PDF,https://www.dibbs.bsm.dla.mil/RFQ/RFQRec.aspx?sn=SPE4A525T732R,https://www.dibbs.bsm.dla.mil/rfq/rfqrec.aspx?sn=SPE4A525T732R,PLATE,11,20260930T161621Z,5999-01-574-0248,"PLATE,ELECTRICAL SH",G,335999,2.0,,,2025-09-09,2025-09-19,PLATE,DIBBS|SPE4A525T732R|5999-01-574-0248,C08,Plates / Markings / Mounting / Misc,PLATE,PLATE,True,core-adjacent,"broad keyword, but it is the item noun","DIBBS RFQ Text Search result, AMSC field, retrieved 20260930T161621Z",past deadline
SPE7M325T6746,4730-01-672-6326,SPE7M325T6746,05-07-2025,05-22-2025,2026-08-21 02:41:27,Origin,Destination,Tech,7011934889,https://dibbs2.bsm.dla.mil/Downloads/RFQ/6/SPE7M325T6746.PDF,https://www.dibbs.bsm.dla.mil/RFQ/RFQRec.aspx?sn=SPE7M325T6746,https://www.dibbs.bsm.dla.mil/rfq/rfqrec.aspx?sn=SPE7M325T6746,PLATE,11,20260930T161621Z,4730-01-672-6326,"PLATE,ORIFICE,FLUID",G,326122,62.0,,,2025-05-07,2025-05-22,PLATE,DIBBS|SPE7M325T6746|4730-01-672-6326,C08,Plates / Markings / Mounting / Misc,PLATE,PLATE,True,core-adjacent,"broad keyword, but it is the item noun","DIBBS RFQ Text Search result, AMSC field, retrieved 20260930T161621Z",past deadline
SPE7MC25T207L,4820-01-468-1641,SPE7MC25T207L,08-11-2025,08-21-2025,2026-08-21 02:41:27,Origin,Destination,Tech,7013274783,https://dibbs2.bsm.dla.mil/Downloads/RFQ/L/SPE7MC25T207L.PDF,https://www.dibbs.bsm.dla.mil/RFQ/RFQRec.aspx?sn=SPE7MC25T207L,https://www.dibbs.bsm.dla.mil/rfq/rfqrec.aspx?sn=SPE7MC25T207L,PLATE,11,20260930T161621Z,4820-01-468-1641,"PLATE,STRAINER SUCT",G,332911,2.0,,,2025-08-11,2025-08-21,PLATE,DIBBS|SPE7MC25T207L|4820-01-468-1641,C08,Plates / Markings / Mounting / Misc,PLATE,PLATE,True,core-adjacent,"broad keyword, but it is the item noun","DIBBS RFQ Text Search result, AMSC field, retrieved 20260930T161621Z",past deadline
SPE8E426T0034,9515-01-113-1077,SPE8E426T0034,10-15-2025,02-25-2026,2026-08-21 02:41:27,Origin,Destination,Tech,7010163890,https://dibbs2.bsm.dla.mil/Downloads/RFQ/4/SPE8E426T0034.PDF,https://www.dibbs.bsm.dla.mil/RFQ/RFQRec.aspx?sn=SPE8E426T0034,https://www.dibbs.bsm.dla.mil/rfq/rfqrec.aspx?sn=SPE8E426T0034,PLATE,12,20260930T161638Z,9515-01-113-1077,ARMOR PLATE,G,331221,13.0,,,2025-10-15,2026-02-25,PLATE,DIBBS|SPE8E426T0034|9515-01-113-1077,C08,Plates / Markings / Mounting / Misc,PLATE,PLATE,True,core-adjacent,"broad keyword, but it is the item noun","DIBBS RFQ Text Search result, AMSC field, retrieved 20260930T161638Z",past deadline
SPE4A726T4563,5821-01-076-2489,SPE4A726T4563,11-26-2025,12-03-2025,2026-08-21 02:41:27,Origin,Origin,Tech,7014629276,https://dibbs2.bsm.dla.mil/Downloads/RFQ/3/SPE4A726T4563.PDF,https://www.dibbs.bsm.dla.mil/RFQ/RFQRec.aspx?sn=SPE4A726T4563,https://www.dibbs.bsm.dla.mil/rfq/rfqrec.aspx?sn=SPE4A726T4563,PLATE,12,20260930T161638Z,5821-01-076-2489,"PLATE,FRONT ASSY",G,334511,4.0,,,2025-11-26,2025-12-03,PLATE,DIBBS|SPE4A726T4563|5821-01-076-2489,C08,Plates / Markings / Mounting / Misc,PLATE,PLATE,True,core-adjacent,"broad keyword, but it is the item noun","DIBBS RFQ Text Search result, AMSC field, retrieved 20260930T161638Z",past deadline
SPE4A626T309E,3110-01-274-8413,SPE4A626T309E,12-16-2025,12-31-2025,2026-08-21 02:41:27,Origin,Origin,Tech,7013430742,https://dibbs2.bsm.dla.mil/Downloads/RFQ/E/SPE4A626T309E.PDF,https://www.dibbs.bsm.dla.mil/RFQ/RFQRec.aspx?sn=SPE4A626T309E,https://www.dibbs.bsm.dla.mil/rfq/rfqrec.aspx?sn=SPE4A626T309E,PLATE,13,20260930T161656Z,3110-01-274-8413,"PLATE,RETAINING,BEARIN",G,332991,338.0,,,2025-12-16,2025-12-31,PLATE,DIBBS|SPE4A626T309E|3110-01-274-8413,C08,Plates / Markings / Mounting / Misc,PLATE,PLATE,True,core-adjacent,"broad keyword, but it is the item noun","DIBBS RFQ Text Search result, AMSC field, retrieved 20260930T161656Z",past deadline
SPE7L125T920T,5340-01-366-1547,SPE7L125T920T,08-19-2025,03-18-2026,2026-08-21 02:41:27,Origin,Origin,Tech,7013268721,https://dibbs2.bsm.dla.mil/Downloads/RFQ/T/SPE7L125T920T.PDF,https://www.dibbs.bsm.dla.mil/RFQ/RFQRec.aspx?sn=SPE7L125T920T,https://www.dibbs.bsm.dla.mil/rfq/rfqrec.aspx?sn=SPE7L125T920T,PLATE,13,20260930T161656Z,5340-01-366-1547,"PLATE,MOUNTING",G,332510,5.0,,,2025-08-19,2026-03-18,PLATE,DIBBS|SPE7L125T920T|5340-01-366-1547,C08,Plates / Markings / Mounting / Misc,PLATE,PLATE,True,core-adjacent,"broad keyword, but it is the item noun","DIBBS RFQ Text Search result, AMSC field, retrieved 20260930T161656Z",past deadline
SPE4A726T4387,1560-01-309-1752,SPE4A726T4387,11-24-2025,12-01-2025,2026-08-21 02:41:27,Origin,Origin,Tech,7014546518,https://dibbs2.bsm.dla.mil/Downloads/RFQ/7/SPE4A726T4387.PDF,https://www.dibbs.bsm.dla.mil/RFQ/RFQRec.aspx?sn=SPE4A726T4387,https://www.dibbs.bsm.dla.mil/rfq/rfqrec.aspx?sn=SPE4A726T4387,PLATE,13,20260930T161656Z,1560-01-309-1752,"PLATE,STRUCTURAL,AI",G,336413,21.0,,,2025-11-24,2025-12-01,PLATE,DIBBS|SPE4A726T4387|1560-01-309-1752,C08,Plates / Markings / Mounting / Misc,PLATE,PLATE,True,core-adjacent,"broad keyword, but it is the item noun","DIBBS RFQ Text Search result, AMSC field, retrieved 20260930T161656Z",past deadline
SPE4A626T052X,6680-01-313-3450,SPE4A626T052X,11-18-2025,11-25-2025,2026-08-21 02:41:27,Origin,Origin,Tech,7014488661,https://dibbs2.bsm.dla.mil/Downloads/RFQ/X/SPE4A626T052X.PDF,https://www.dibbs.bsm.dla.mil/RFQ/RFQRec.aspx?sn=SPE4A626T052X,https://www.dibbs.bsm.dla.mil/rfq/rfqrec.aspx?sn=SPE4A626T052X,TACHOMETER,1,20260930T162629Z,6680-01-313-3450,"TACHOMETER,ELECTRON",G,334519,2.0,,,2025-11-18,2025-11-25,TACHOMETER,DIBBS|SPE4A626T052X|6680-01-313-3450,C09,Aircraft Instruments / Gauges / Sensors (INSCO),TACHOMETER,TACHOMETER,False,INSCO,,"DIBBS RFQ Text Search result, AMSC field, retrieved 20260930T162629Z",past deadline
SPE7M125T303B,6105-01-227-1194,SPE7M125T303B,09-03-2025,09-15-2025,2026-08-21 02:41:27,Origin,Origin,Tech,7013453521,https://dibbs2.bsm.dla.mil/Downloads/RFQ/B/SPE7M125T303B.PDF,https://www.dibbs.bsm.dla.mil/RFQ/RFQRec.aspx?sn=SPE7M125T303B,https://www.dibbs.bsm.dla.mil/rfq/rfqrec.aspx?sn=SPE7M125T303B,TACHOMETER,1,20260930T162629Z,6105-01-227-1194,MOTOR-TACHOMETER GENER,G,335312,32.0,,,2025-09-03,2025-09-15,TACHOMETER,DIBBS|SPE7M125T303B|6105-01-227-1194,C09,Aircraft Instruments / Gauges / Sensors (INSCO),TACHOMETER,TACHOMETER,False,INSCO,,"DIBBS RFQ Text Search result, AMSC field, retrieved 20260930T162629Z",past deadline
SPE4AX25Q0007,5995-01-247-6068,SPE4AX25Q0007,07-09-2025,07-30-2025,2026-08-21 02:41:27,Destination,Destination,Tech,1000204839,https://dibbs2.bsm.dla.mil/Downloads/RFQ/7/SPE4AX25Q0007.PDF,https://www.dibbs.bsm.dla.mil/RFQ/RFQRec.aspx?sn=SPE4AX25Q0007,https://www.dibbs.bsm.dla.mil/rfq/rfqrec.aspx?sn=SPE4AX25Q0007,FUEL,1,20260930T162648Z,5995-01-247-6068,"WIRING HARNESS,BRAN",G,334419,38.0,,,2025-07-09,2025-07-30,FUEL; HARNESS,DIBBS|SPE4AX25Q0007|5995-01-247-6068,C10,Harnesses / Cable Assemblies / Box Builds,WIRING HARNESS,WIRING HARNESS,False,adjacent,,"DIBBS RFQ Text Search result, AMSC field, retrieved 20260930T162648Z",past deadline
SPE4A626U0652,6150-01-572-6184,SPE4A626U0652,12-02-2025,12-16-2025,2026-08-21 02:41:27,Origin,Origin,Tech,1000217734,https://dibbs2.bsm.dla.mil/Downloads/RFQ/2/SPE4A626U0652.PDF,https://www.dibbs.bsm.dla.mil/RFQ/RFQRec.aspx?sn=SPE4A626U0652,https://www.dibbs.bsm.dla.mil/rfq/rfqrec.aspx?sn=SPE4A626U0652,HARNESS,3,20260930T163353Z,6150-01-572-6184,"WIRING HARNESS,BRAN",G,334419,38.0,,,2025-12-02,2025-12-16,HARNESS,DIBBS|SPE4A626U0652|6150-01-572-6184,C10,Harnesses / Cable Assemblies / Box Builds,WIRING HARNESS,WIRING HARNESS,False,adjacent,,"DIBBS RFQ Text Search result, AMSC field, retrieved 20260930T163353Z",past deadline
SPE4A626T7817,6150-01-478-5108,SPE4A626T7817,11-05-2025,11-17-2025,2026-08-21 02:41:27,Origin,Destination,Tech,7014381944,https://dibbs2.bsm.dla.mil/Downloads/RFQ/7/SPE4A626T7817.PDF,https://www.dibbs.bsm.dla.mil/RFQ/RFQRec.aspx?sn=SPE4A626T7817,https://www.dibbs.bsm.dla.mil/rfq/rfqrec.aspx?sn=SPE4A626T7817,HARNESS,3,20260930T163353Z,6150-01-478-5108,WIRING HARNESS,G,334419,6.0,,,2025-11-05,2025-11-17,HARNESS,DIBBS|SPE4A626T7817|6150-01-478-5108,C10,Harnesses / Cable Assemblies / Box Builds,WIRING HARNESS,WIRING HARNESS,False,adjacent,,"DIBBS RFQ Text Search result, AMSC field, retrieved 20260930T163353Z",past deadline
SPE4A626T339P,6150-01-676-3914,SPE4A626T339P,12-18-2025,12-26-2025,2026-08-21 02:41:27,Origin,Origin,Tech,7014894732,https://dibbs2.bsm.dla.mil/Downloads/RFQ/P/SPE4A626T339P.PDF,https://www.dibbs.bsm.dla.mil/RFQ/RFQRec.aspx?sn=SPE4A626T339P,https://www.dibbs.bsm.dla.mil/rfq/rfqrec.aspx?sn=SPE4A626T339P,HARNESS,4,20260930T163410Z,6150-01-676-3914,"WIRING HARNESS,BRAN",G,335311,4.0,,,2025-12-18,2025-12-26,HARNESS,DIBBS|SPE4A626T339P|6150-01-676-3914,C10,Harnesses / Cable Assemblies / Box Builds,WIRING HARNESS,WIRING HARNESS,False,adjacent,,"DIBBS RFQ Text Search result, AMSC field, retrieved 20260930T163410Z",past deadline
SPE4A026T0644,6150-01-681-9777,SPE4A026T0644,11-24-2025,12-01-2025,2026-08-21 02:41:27,Origin,Origin,Tech,7014529212,https://dibbs2.bsm.dla.mil/Downloads/RFQ/4/SPE4A026T0644.PDF,https://www.dibbs.bsm.dla.mil/RFQ/RFQRec.aspx?sn=SPE4A026T0644,https://www.dibbs.bsm.dla.mil/rfq/rfqrec.aspx?sn=SPE4A026T0644,HARNESS,4,20260930T163410Z,6150-01-681-9777,"WIRING HARNESS,BRAN",G,335311,1.0,,,2025-11-24,2025-12-01,HARNESS,DIBBS|SPE4A026T0644|6150-01-681-9777,C10,Harnesses / Cable Assemblies / Box Builds,WIRING HARNESS,WIRING HARNESS,False,adjacent,,"DIBBS RFQ Text Search result, AMSC field, retrieved 20260930T163410Z",past deadline
SPE7L425T7598,2590-00-705-7891,SPE7L425T7598,09-25-2025,10-09-2025,2026-08-21 02:41:27,Origin,Origin,Tech,7013473235,https://dibbs2.bsm.dla.mil/Downloads/RFQ/8/SPE7L425T7598.PDF,https://www.dibbs.bsm.dla.mil/RFQ/RFQRec.aspx?sn=SPE7L425T7598,https://www.dibbs.bsm.dla.mil/rfq/rfqrec.aspx?sn=SPE7L425T7598,HARNESS,5,20260930T163427Z,2590-00-705-7891,HARNESS ASSY WIRING,G,336390,17.0,,,2025-09-25,2025-10-09,HARNESS,DIBBS|SPE7L425T7598|2590-00-705-7891,C10,Harnesses / Cable Assemblies / Box Builds,HARNESS ASSEMBLY,HARNESS ASSEMBLY,False,adjacent,,"DIBBS RFQ Text Search result, AMSC field, retrieved 20260930T163427Z",past deadline
SPE4A626T371U,6150-01-567-0093,SPE4A626T371U,12-22-2025,12-29-2025,2026-08-21 02:41:27,Origin,Origin,Tech,7014628802,https://dibbs2.bsm.dla.mil/Downloads/RFQ/U/SPE4A626T371U.PDF,https://www.dibbs.bsm.dla.mil/RFQ/RFQRec.aspx?sn=SPE4A626T371U,https://www.dibbs.bsm.dla.mil/rfq/rfqrec.aspx?sn=SPE4A626T371U,HARNESS,5,20260930T163427Z,6150-01-567-0093,WIRING HARNESS,G,334419,17.0,,,2025-12-22,2025-12-29,HARNESS,DIBBS|SPE4A626T371U|6150-01-567-0093,C10,Harnesses / Cable Assemblies / Box Builds,WIRING HARNESS,WIRING HARNESS,False,adjacent,,"DIBBS RFQ Text Search result, AMSC field, retrieved 20260930T163427Z",past deadline
SPE4A625T33JV,6150-01-506-3655,SPE4A625T33JV,08-26-2025,09-02-2025,2026-08-21 02:41:27,Origin,Origin,Tech,7013234567,https://dibbs2.bsm.dla.mil/Downloads/RFQ/V/SPE4A625T33JV.PDF,https://www.dibbs.bsm.dla.mil/RFQ/RFQRec.aspx?sn=SPE4A625T33JV,https://www.dibbs.bsm.dla.mil/rfq/rfqrec.aspx?sn=SPE4A625T33JV,HARNESS,6,20260930T163445Z,6150-01-506-3655,"WIRING HARNESS,BRAN",G,335311,19.0,,,2025-08-26,2025-09-02,HARNESS,DIBBS|SPE4A625T33JV|6150-01-506-3655,C10,Harnesses / Cable Assemblies / Box Builds,WIRING HARNESS,WIRING HARNESS,False,adjacent,,"DIBBS RFQ Text Search result, AMSC field, retrieved 20260930T163445Z",past deadline
SPE4A626T5005,6150-01-197-9997,SPE4A626T5005,10-22-2025,11-05-2025,2026-08-21 02:41:27,Origin,Origin,Tech,7014231141,https://dibbs2.bsm.dla.mil/Downloads/RFQ/5/SPE4A626T5005.PDF,https://www.dibbs.bsm.dla.mil/RFQ/RFQRec.aspx?sn=SPE4A626T5005,https://www.dibbs.bsm.dla.mil/rfq/rfqrec.aspx?sn=SPE4A626T5005,CABLE ASSEMBLY,1,20260930T163514Z,6150-01-197-9997,"CABLE ASSEMBLY,SPEC",G,334419,3.0,,,2025-10-22,2025-11-05,CABLE ASSEMBLY,DIBBS|SPE4A626T5005|6150-01-197-9997,C10,Harnesses / Cable Assemblies / Box Builds,CABLE ASSEMBLY,CABLE ASSEMBLY,False,adjacent,,"DIBBS RFQ Text Search result, AMSC field, retrieved 20260930T163514Z",past deadline
SPE4A625T47FJ,4010-01-568-4656,SPE4A625T47FJ,09-26-2025,10-03-2025,2026-08-21 02:41:27,Origin,Origin,Tech,7013720271,https://dibbs2.bsm.dla.mil/Downloads/RFQ/J/SPE4A625T47FJ.PDF,https://www.dibbs.bsm.dla.mil/RFQ/RFQRec.aspx?sn=SPE4A625T47FJ,https://www.dibbs.bsm.dla.mil/rfq/rfqrec.aspx?sn=SPE4A625T47FJ,CABLE ASSEMBLY,9,20260930T163736Z,4010-01-568-4656,"CABLE ASSEMBLY,DOOR",G,332618,4.0,,,2025-09-26,2025-10-03,CABLE ASSEMBLY,DIBBS|SPE4A625T47FJ|4010-01-568-4656,C10,Harnesses / Cable Assemblies / Box Builds,CABLE ASSEMBLY,CABLE ASSEMBLY,False,adjacent,,"DIBBS RFQ Text Search result, AMSC field, retrieved 20260930T163736Z",past deadline
SPE4A625T47AB,5995-01-458-4369,SPE4A625T47AB,09-25-2025,10-02-2025,2026-08-21 02:41:27,Origin,Origin,Tech,7013721615,https://dibbs2.bsm.dla.mil/Downloads/RFQ/B/SPE4A625T47AB.PDF,https://www.dibbs.bsm.dla.mil/RFQ/RFQRec.aspx?sn=SPE4A625T47AB,https://www.dibbs.bsm.dla.mil/rfq/rfqrec.aspx?sn=SPE4A625T47AB,CABLE ASSEMBLY,11,20260930T163810Z,5995-01-458-4369,"CABLE ASSEMBLY,PRIN",G,334419,16.0,,,2025-09-25,2025-10-02,CABLE ASSEMBLY,DIBBS|SPE4A625T47AB|5995-01-458-4369,C10,Harnesses / Cable Assemblies / Box Builds,CABLE ASSEMBLY,CABLE ASSEMBLY,False,adjacent,,"DIBBS RFQ Text Search result, AMSC field, retrieved 20260930T163810Z",past deadline
SPE4A625T448J,6150-01-718-7892,SPE4A625T448J,01-08-2025,01-21-2025,2026-08-21 02:41:27,Origin,Origin,Tech,7010531840,https://dibbs2.bsm.dla.mil/Downloads/RFQ/J/SPE4A625T448J.PDF,https://www.dibbs.bsm.dla.mil/RFQ/RFQRec.aspx?sn=SPE4A625T448J,https://www.dibbs.bsm.dla.mil/rfq/rfqrec.aspx?sn=SPE4A625T448J,CABLE ASSEMBLY,11,20260930T163810Z,6150-01-718-7892,"CABLE ASSEMBLY,SPEC",G,335311,3.0,,,2025-01-08,2025-01-21,CABLE ASSEMBLY,DIBBS|SPE4A625T448J|6150-01-718-7892,C10,Harnesses / Cable Assemblies / Box Builds,CABLE ASSEMBLY,CABLE ASSEMBLY,False,adjacent,,"DIBBS RFQ Text Search result, AMSC field, retrieved 20260930T163810Z",past deadline
SPE4A626U0680,6150-01-651-3613,SPE4A626U0680,12-03-2025,12-17-2025,2026-08-21 02:41:27,Origin,Destination,Tech,1000211675,https://dibbs2.bsm.dla.mil/Downloads/RFQ/0/SPE4A626U0680.PDF,https://www.dibbs.bsm.dla.mil/RFQ/RFQRec.aspx?sn=SPE4A626U0680,https://www.dibbs.bsm.dla.mil/rfq/rfqrec.aspx?sn=SPE4A626U0680,CABLE ASSEMBLY,11,20260930T163810Z,6150-01-651-3613,"CABLE ASSEMBLY,POWE",G,335311,37.0,,,2025-12-03,2025-12-17,CABLE ASSEMBLY,DIBBS|SPE4A626U0680|6150-01-651-3613,C10,Harnesses / Cable Assemblies / Box Builds,CABLE ASSEMBLY,CABLE ASSEMBLY,False,adjacent,,"DIBBS RFQ Text Search result, AMSC field, retrieved 20260930T163810Z",past deadline
SPE4A626T120V,6150-01-345-6104,SPE4A626T120V,11-21-2025,11-28-2025,2026-08-21 02:41:27,Origin,Origin,Tech,7013430272,https://dibbs2.bsm.dla.mil/Downloads/RFQ/V/SPE4A626T120V.PDF,https://www.dibbs.bsm.dla.mil/RFQ/RFQRec.aspx?sn=SPE4A626T120V,https://www.dibbs.bsm.dla.mil/rfq/rfqrec.aspx?sn=SPE4A626T120V,CABLE ASSEMBLY,12,20260930T163827Z,6150-01-345-6104,"CABLE ASSEMBLY,SPEC",G,334419,4.0,,,2025-11-21,2025-11-28,CABLE ASSEMBLY,DIBBS|SPE4A626T120V|6150-01-345-6104,C10,Harnesses / Cable Assemblies / Box Builds,CABLE ASSEMBLY,CABLE ASSEMBLY,False,adjacent,,"DIBBS RFQ Text Search result, AMSC field, retrieved 20260930T163827Z",past deadline
SPE7M124T051X,6020-01-451-6472,SPE7M124T051X,06-25-2024,07-05-2024,2026-08-21 02:41:27,Origin,Origin,Tech,7008012795,https://dibbs2.bsm.dla.mil/Downloads/RFQ/X/SPE7M124T051X.PDF,https://www.dibbs.bsm.dla.mil/RFQ/RFQRec.aspx?sn=SPE7M124T051X,https://www.dibbs.bsm.dla.mil/rfq/rfqrec.aspx?sn=SPE7M124T051X,CABLE ASSEMBLY,12,20260930T163827Z,6020-01-451-6472,"CABLE ASSEMBLY,FIBE",G,335921,53.0,,,2024-06-25,2024-07-05,CABLE ASSEMBLY,DIBBS|SPE7M124T051X|6020-01-451-6472,C10,Harnesses / Cable Assemblies / Box Builds,CABLE ASSEMBLY,CABLE ASSEMBLY,False,adjacent,,"DIBBS RFQ Text Search result, AMSC field, retrieved 20260930T163827Z",past deadline
SPE4A626T8936,5995-01-554-4477,SPE4A626T8936,11-10-2025,11-26-2025,2026-08-21 02:41:27,Origin,Origin,Tech,7014230273,https://dibbs2.bsm.dla.mil/Downloads/RFQ/6/SPE4A626T8936.PDF,https://www.dibbs.bsm.dla.mil/RFQ/RFQRec.aspx?sn=SPE4A626T8936,https://www.dibbs.bsm.dla.mil/rfq/rfqrec.aspx?sn=SPE4A626T8936,CABLE ASSEMBLY,13,20260930T163844Z,5995-01-554-4477,"CABLE ASSEMBLY,SPEC",G,334419,33.0,,,2025-11-10,2025-11-26,CABLE ASSEMBLY,DIBBS|SPE4A626T8936|5995-01-554-4477,C10,Harnesses / Cable Assemblies / Box Builds,CABLE ASSEMBLY,CABLE ASSEMBLY,False,adjacent,,"DIBBS RFQ Text Search result, AMSC field, retrieved 20260930T163844Z",past deadline
SPE4A626T7453,5995-01-338-3600,SPE4A626T7453,11-04-2025,11-12-2025,2026-08-21 02:41:27,Origin,Origin,Tech,7014364432,https://dibbs2.bsm.dla.mil/Downloads/RFQ/3/SPE4A626T7453.PDF,https://www.dibbs.bsm.dla.mil/RFQ/RFQRec.aspx?sn=SPE4A626T7453,https://www.dibbs.bsm.dla.mil/rfq/rfqrec.aspx?sn=SPE4A626T7453,CABLE ASSEMBLY,13,20260930T163844Z,5995-01-338-3600,"CABLE ASSEMBLY,SPEC",G,334419,17.0,,,2025-11-04,2025-11-12,CABLE ASSEMBLY,DIBBS|SPE4A626T7453|5995-01-338-3600,C10,Harnesses / Cable Assemblies / Box Builds,CABLE ASSEMBLY,CABLE ASSEMBLY,False,adjacent,,"DIBBS RFQ Text Search result, AMSC field, retrieved 20260930T163844Z",past deadline
SPE4A626T1115,1420-01-713-6428,SPE4A626T1115,10-08-2025,10-15-2025,2026-08-21 02:41:27,Origin,Origin,Tech,7014104343,https://dibbs2.bsm.dla.mil/Downloads/RFQ/5/SPE4A626T1115.PDF,https://www.dibbs.bsm.dla.mil/RFQ/RFQRec.aspx?sn=SPE4A626T1115,https://www.dibbs.bsm.dla.mil/rfq/rfqrec.aspx?sn=SPE4A626T1115,CABLE ASSEMBLY,14,20260930T163901Z,1420-01-713-6428,"CABLE ASSEMBLY,SPEC",G,336419,2.0,,,2025-10-08,2025-10-15,CABLE ASSEMBLY,DIBBS|SPE4A626T1115|1420-01-713-6428,C10,Harnesses / Cable Assemblies / Box Builds,CABLE ASSEMBLY,CABLE ASSEMBLY,False,adjacent,,"DIBBS RFQ Text Search result, AMSC field, retrieved 20260930T163901Z",past deadline
SPE4A625T80K3,5995-01-568-8257,SPE4A625T80K3,05-21-2025,05-28-2025,2026-08-21 02:41:27,Origin,Origin,Tech,7012343675,https://dibbs2.bsm.dla.mil/Downloads/RFQ/3/SPE4A625T80K3.PDF,https://www.dibbs.bsm.dla.mil/RFQ/RFQRec.aspx?sn=SPE4A625T80K3,https://www.dibbs.bsm.dla.mil/rfq/rfqrec.aspx?sn=SPE4A625T80K3,CABLE ASSEMBLY,14,20260930T163901Z,5995-01-568-8257,"CABLE ASSEMBLY,SPEC",G,335931,2.0,,,2025-05-21,2025-05-28,CABLE ASSEMBLY,DIBBS|SPE4A625T80K3|5995-01-568-8257,C10,Harnesses / Cable Assemblies / Box Builds,CABLE ASSEMBLY,CABLE ASSEMBLY,False,adjacent,,"DIBBS RFQ Text Search result, AMSC field, retrieved 20260930T163901Z",past deadline
SPE4A626T095A,6150-01-134-7884,SPE4A626T095A,11-19-2025,11-26-2025,2026-08-21 02:41:27,Origin,Origin,Tech,7014557384,https://dibbs2.bsm.dla.mil/Downloads/RFQ/A/SPE4A626T095A.PDF,https://www.dibbs.bsm.dla.mil/RFQ/RFQRec.aspx?sn=SPE4A626T095A,https://www.dibbs.bsm.dla.mil/rfq/rfqrec.aspx?sn=SPE4A626T095A,CABLE ASSEMBLY,15,20260930T163918Z,6150-01-134-7884,"CABLE ASSEMBLY,SPEC",G,334419,6.0,,,2025-11-19,2025-11-26,CABLE ASSEMBLY,DIBBS|SPE4A626T095A|6150-01-134-7884,C10,Harnesses / Cable Assemblies / Box Builds,CABLE ASSEMBLY,CABLE ASSEMBLY,False,adjacent,,"DIBBS RFQ Text Search result, AMSC field, retrieved 20260930T163918Z",past deadline
SPE4A626T3139,1420-01-714-9018,SPE4A626T3139,10-17-2025,10-24-2025,2026-08-21 02:41:27,Origin,Origin,Tech,7014198017,https://dibbs2.bsm.dla.mil/Downloads/RFQ/9/SPE4A626T3139.PDF,https://www.dibbs.bsm.dla.mil/RFQ/RFQRec.aspx?sn=SPE4A626T3139,https://www.dibbs.bsm.dla.mil/rfq/rfqrec.aspx?sn=SPE4A626T3139,CABLE ASSEMBLY,17,20260930T163953Z,1420-01-714-9018,"CABLE ASSEMBLY,SPEC",G,336419,10.0,,,2025-10-17,2025-10-24,CABLE ASSEMBLY,DIBBS|SPE4A626T3139|1420-01-714-9018,C10,Harnesses / Cable Assemblies / Box Builds,CABLE ASSEMBLY,CABLE ASSEMBLY,False,adjacent,,"DIBBS RFQ Text Search result, AMSC field, retrieved 20260930T163953Z",past deadline
SPE4A626T1263,6150-01-658-5433,SPE4A626T1263,10-08-2025,10-15-2025,2026-08-21 02:41:27,Origin,Destination,Tech,7014105668,https://dibbs2.bsm.dla.mil/Downloads/RFQ/3/SPE4A626T1263.PDF,https://www.dibbs.bsm.dla.mil/RFQ/RFQRec.aspx?sn=SPE4A626T1263,https://www.dibbs.bsm.dla.mil/rfq/rfqrec.aspx?sn=SPE4A626T1263,CABLE ASSEMBLY,17,20260930T163953Z,6150-01-658-5433,"CABLE ASSEMBLY,POWE",G,335311,9.0,,,2025-10-08,2025-10-15,CABLE ASSEMBLY,DIBBS|SPE4A626T1263|6150-01-658-5433,C10,Harnesses / Cable Assemblies / Box Builds,CABLE ASSEMBLY,CABLE ASSEMBLY,False,adjacent,,"DIBBS RFQ Text Search result, AMSC field, retrieved 20260930T163953Z",past deadline
SPE4A625T29S1,5995-01-676-0152,SPE4A625T29S1,04-02-2025,04-14-2025,2026-08-21 02:41:27,Origin,Origin,Tech,7011549667,https://dibbs2.bsm.dla.mil/Downloads/RFQ/1/SPE4A625T29S1.PDF,https://www.dibbs.bsm.dla.mil/RFQ/RFQRec.aspx?sn=SPE4A625T29S1,https://www.dibbs.bsm.dla.mil/rfq/rfqrec.aspx?sn=SPE4A625T29S1,CABLE ASSEMBLY,17,20260930T163953Z,5995-01-676-0152,"CABLE ASSEMBLY,SPEC",G,335931,15.0,,,2025-04-02,2025-04-14,CABLE ASSEMBLY,DIBBS|SPE4A625T29S1|5995-01-676-0152,C10,Harnesses / Cable Assemblies / Box Builds,CABLE ASSEMBLY,CABLE ASSEMBLY,False,adjacent,,"DIBBS RFQ Text Search result, AMSC field, retrieved 20260930T163953Z",past deadline
SPE4A626T159W,5995-01-718-3184,SPE4A626T159W,11-26-2025,12-03-2025,2026-08-21 02:41:27,Origin,Origin,Tech,7014630565,https://dibbs2.bsm.dla.mil/Downloads/RFQ/W/SPE4A626T159W.PDF,https://www.dibbs.bsm.dla.mil/RFQ/RFQRec.aspx?sn=SPE4A626T159W,https://www.dibbs.bsm.dla.mil/rfq/rfqrec.aspx?sn=SPE4A626T159W,CABLE ASSEMBLY,19,20260930T164027Z,5995-01-718-3184,"CABLE ASSEMBLY,SPEC",G,335931,2.0,,,2025-11-26,2025-12-03,CABLE ASSEMBLY,DIBBS|SPE4A626T159W|5995-01-718-3184,C10,Harnesses / Cable Assemblies / Box Builds,CABLE ASSEMBLY,CABLE ASSEMBLY,False,adjacent,,"DIBBS RFQ Text Search result, AMSC field, retrieved 20260930T164027Z",past deadline
SPE4A726T4795,2840-01-591-1450,SPE4A726T4795,11-26-2025,12-03-2025,2026-08-21 02:41:27,Origin,Origin,Tech,7014106596,https://dibbs2.bsm.dla.mil/Downloads/RFQ/5/SPE4A726T4795.PDF,https://www.dibbs.bsm.dla.mil/RFQ/RFQRec.aspx?sn=SPE4A726T4795,https://www.dibbs.bsm.dla.mil/rfq/rfqrec.aspx?sn=SPE4A726T4795,CABLE ASSEMBLY,20,20260930T164044Z,2840-01-591-1450,"CABLE ASSEMBLY,LUB,",G,336412,1.0,,,2025-11-26,2025-12-03,CABLE ASSEMBLY,DIBBS|SPE4A726T4795|2840-01-591-1450,C10,Harnesses / Cable Assemblies / Box Builds,CABLE ASSEMBLY,CABLE ASSEMBLY,False,adjacent,,"DIBBS RFQ Text Search result, AMSC field, retrieved 20260930T164044Z",past deadline
SPE4A626T6554,5995-01-263-6569,SPE4A626T6554,10-28-2025,11-04-2025,2026-08-21 02:41:27,Origin,Origin,Tech,7014285375,https://dibbs2.bsm.dla.mil/Downloads/RFQ/4/SPE4A626T6554.PDF,https://www.dibbs.bsm.dla.mil/RFQ/RFQRec.aspx?sn=SPE4A626T6554,https://www.dibbs.bsm.dla.mil/rfq/rfqrec.aspx?sn=SPE4A626T6554,CABLE ASSEMBLY,20,20260930T164044Z,5995-01-263-6569,"CABLE ASSEMBLY,RADI",G,334419,4.0,,,2025-10-28,2025-11-04,CABLE ASSEMBLY,DIBBS|SPE4A626T6554|5995-01-263-6569,C10,Harnesses / Cable Assemblies / Box Builds,CABLE ASSEMBLY,CABLE ASSEMBLY,False,adjacent,,"DIBBS RFQ Text Search result, AMSC field, retrieved 20260930T164044Z",past deadline
SPE7M124T244V,6110-01-561-4461,SPE7M124T244V,09-06-2024,09-16-2024,2026-08-21 02:41:27,Origin,Origin,Tech,7008970152,https://dibbs2.bsm.dla.mil/Downloads/RFQ/V/SPE7M124T244V.PDF,https://www.dibbs.bsm.dla.mil/RFQ/RFQRec.aspx?sn=SPE7M124T244V,https://www.dibbs.bsm.dla.mil/rfq/rfqrec.aspx?sn=SPE7M124T244V,BOX,17,20260930T164600Z,6110-01-561-4461,DISTRIBUTION BOX,G,335999,3.0,,,2024-09-06,2024-09-16,BOX,DIBBS|SPE7M124T244V|6110-01-561-4461,C10,Harnesses / Cable Assemblies / Box Builds,DISTRIBUTION BOX,DISTRIBUTION BOX,False,adjacent,,"DIBBS RFQ Text Search result, AMSC field, retrieved 20260930T164600Z",past deadline
SPE7M125T7725,6110-00-931-5444,SPE7M125T7725,03-14-2025,03-24-2025,2026-08-21 02:41:27,Origin,Origin,Tech,7011408104,https://dibbs2.bsm.dla.mil/Downloads/RFQ/5/SPE7M125T7725.PDF,https://www.dibbs.bsm.dla.mil/RFQ/RFQRec.aspx?sn=SPE7M125T7725,https://www.dibbs.bsm.dla.mil/rfq/rfqrec.aspx?sn=SPE7M125T7725,BOX,18,20260930T164621Z,6110-00-931-5444,DISTRIBUTION BOX,G,334519,2.0,,,2025-03-14,2025-03-24,BOX,DIBBS|SPE7M125T7725|6110-00-931-5444,C10,Harnesses / Cable Assemblies / Box Builds,DISTRIBUTION BOX,DISTRIBUTION BOX,False,adjacent,,"DIBBS RFQ Text Search result, AMSC field, retrieved 20260930T164621Z",past deadline
SPE7M124T000C,6110-01-187-2822,SPE7M124T000C,05-30-2024,06-10-2024,2026-08-21 02:41:27,Origin,Origin,Tech,7007667701,https://dibbs2.bsm.dla.mil/Downloads/RFQ/C/SPE7M124T000C.PDF,https://www.dibbs.bsm.dla.mil/RFQ/RFQRec.aspx?sn=SPE7M124T000C,https://www.dibbs.bsm.dla.mil/rfq/rfqrec.aspx?sn=SPE7M124T000C,BOX,18,20260930T164621Z,6110-01-187-2822,DISTRIBUTION BOX,G,334519,5.0,,,2024-05-30,2024-06-10,BOX,DIBBS|SPE7M124T000C|6110-01-187-2822,C10,Harnesses / Cable Assemblies / Box Builds,DISTRIBUTION BOX,DISTRIBUTION BOX,False,adjacent,,"DIBBS RFQ Text Search result, AMSC field, retrieved 20260930T164621Z",past deadline
SPE7M125T306V,6110-01-169-1803,SPE7M125T306V,09-05-2025,09-15-2025,2026-08-21 02:41:27,Origin,Origin,Tech,7013654460,https://dibbs2.bsm.dla.mil/Downloads/RFQ/V/SPE7M125T306V.PDF,https://www.dibbs.bsm.dla.mil/RFQ/RFQRec.aspx?sn=SPE7M125T306V,https://www.dibbs.bsm.dla.mil/rfq/rfqrec.aspx?sn=SPE7M125T306V,BOX,19,20260930T164640Z,6110-01-169-1803,"CONTROL BOX,GENERAT",G,334519,2.0,,,2025-09-05,2025-09-15,BOX,DIBBS|SPE7M125T306V|6110-01-169-1803,C10,Harnesses / Cable Assemblies / Box Builds,CONTROL BOX,CONTROL BOX,False,adjacent,,"DIBBS RFQ Text Search result, AMSC field, retrieved 20260930T164640Z",past deadline
SPE7M124T106Z,6110-01-457-2920,SPE7M124T106Z,07-17-2024,07-29-2024,2026-08-21 02:41:27,Origin,Origin,Tech,7008239169,https://dibbs2.bsm.dla.mil/Downloads/RFQ/Z/SPE7M124T106Z.PDF,https://www.dibbs.bsm.dla.mil/RFQ/RFQRec.aspx?sn=SPE7M124T106Z,https://www.dibbs.bsm.dla.mil/rfq/rfqrec.aspx?sn=SPE7M124T106Z,BOX,19,20260930T164640Z,6110-01-457-2920,DISTRIBUTION BOX,G,335311,3.0,,,2024-07-17,2024-07-29,BOX,DIBBS|SPE7M124T106Z|6110-01-457-2920,C10,Harnesses / Cable Assemblies / Box Builds,DISTRIBUTION BOX,DISTRIBUTION BOX,False,adjacent,,"DIBBS RFQ Text Search result, AMSC field, retrieved 20260930T164640Z",past deadline
SPE7M125T297A,6110-01-169-1803,SPE7M125T297A,08-28-2025,09-08-2025,2026-08-21 02:41:27,Origin,Origin,Tech,7013414086,https://dibbs2.bsm.dla.mil/Downloads/RFQ/A/SPE7M125T297A.PDF,https://www.dibbs.bsm.dla.mil/RFQ/RFQRec.aspx?sn=SPE7M125T297A,https://www.dibbs.bsm.dla.mil/rfq/rfqrec.aspx?sn=SPE7M125T297A,BOX,20,20260930T164700Z,6110-01-169-1803,"CONTROL BOX,GENERAT",G,334519,1.0,,,2025-08-28,2025-09-08,BOX,DIBBS|SPE7M125T297A|6110-01-169-1803,C10,Harnesses / Cable Assemblies / Box Builds,CONTROL BOX,CONTROL BOX,False,adjacent,,"DIBBS RFQ Text Search result, AMSC field, retrieved 20260930T164700Z",past deadline
